symbol,route,route_after_fix,ticker,multiplier,binance_price,cg_id,cg_price,price_ratio,identity,shown_cap_usd,right_cg_id,right_cap_usd,cap_error_x,same_ticker_ids
BTCUSDT,binance-原名,binance-原名,BTC,1.0,85383.6,,,,,,,,,
ETHUSDT,binance-原名,binance-原名,ETH,1.0,2716.64,,,,,,,,,
BCHUSDT,binance-原名,binance-原名,BCH,1.0,355.48,,,,,,,,,
XRPUSDT,binance-原名,binance-原名,XRP,1.0,1.5633,,,,,,,,,
LTCUSDT,binance-原名,binance-原名,LTC,1.0,62.02,,,,,,,,,
TRXUSDT,binance-原名,binance-原名,TRX,1.0,0.34155,,,,,,,,,
ETCUSDT,binance-原名,binance-原名,ETC,1.0,9.462,,,,,,,,,
LINKUSDT,binance-原名,binance-原名,LINK,1.0,12.675,,,,,,,,,
XLMUSDT,binance-原名,binance-原名,XLM,1.0,0.21296,,,,,,,,,
ADAUSDT,binance-原名,binance-原名,ADA,1.0,0.2493,,,,,,,,,
XMRUSDT,coingecko-原名,coingecko-原名-单价核对通过,XMR,1.0,564.04,monero,565.21,0.9979299729304151,对,10608681758.784254,monero,10608681758.784254,1.0,monero
DASHUSDT,binance-原名,binance-原名,DASH,1.0,63.17,,,,,,,,,
ZECUSDT,binance-原名,binance-原名,ZEC,1.0,1624.2,,,,,,,,,
XTZUSDT,binance-原名,binance-原名,XTZ,1.0,0.3313,,,,,,,,,
BNBUSDT,binance-原名,binance-原名,BNB,1.0,778.76,,,,,,,,,
ATOMUSDT,binance-原名,binance-原名,ATOM,1.0,1.822,,,,,,,,,
ONTUSDT,binance-原名,binance-原名,ONT,1.0,0.05806,,,,,,,,,
IOTAUSDT,binance-原名,binance-原名,IOTA,1.0,0.04858,,,,,,,,,
BATUSDT,binance-原名,binance-原名,BAT,1.0,0.09346,,,,,,,,,
VETUSDT,binance-原名,binance-原名,VET,1.0,0.009563,,,,,,,,,
NEOUSDT,binance-原名,binance-原名,NEO,1.0,2.635,,,,,,,,,
QTUMUSDT,binance-原名,binance-原名,QTUM,1.0,1.0162,,,,,,,,,
IOSTUSDT,binance-原名,binance-原名,IOST,1.0,0.0009294,,,,,,,,,
THETAUSDT,binance-原名,binance-原名,THETA,1.0,0.227,,,,,,,,,
ALGOUSDT,binance-原名,binance-原名,ALGO,1.0,0.1089,,,,,,,,,
ZILUSDT,binance-原名,binance-原名,ZIL,1.0,0.00381,,,,,,,,,
KNCUSDT,binance-原名,binance-原名,KNC,1.0,0.1497,,,,,,,,,
ZRXUSDT,binance-原名,binance-原名,ZRX,1.0,0.1256,,,,,,,,,
COMPUSDT,binance-原名,binance-原名,COMP,1.0,22.68,,,,,,,,,
DOGEUSDT,binance-原名,binance-原名,DOGE,1.0,0.09923,,,,,,,,,
KAVAUSDT,binance-原名,binance-原名,KAVA,1.0,0.06928,,,,,,,,,
BANDUSDT,binance-原名,binance-原名,BAND,1.0,0.2254,,,,,,,,,
RLCUSDT,binance-原名,binance-原名,RLC,1.0,0.3528,,,,,,,,,
SNXUSDT,binance-原名,binance-原名,SNX,1.0,0.2576,,,,,,,,,
DOTUSDT,binance-原名,binance-原名,DOT,1.0,1.154,,,,,,,,,
YFIUSDT,binance-原名,binance-原名,YFI,1.0,2383.0,,,,,,,,,
CRVUSDT,binance-原名,binance-原名,CRV,1.0,0.3519,,,,,,,,,
TRBUSDT,binance-原名,binance-原名,TRB,1.0,19.827,,,,,,,,,
RUNEUSDT,binance-原名,binance-原名,RUNE,1.0,0.637,,,,,,,,,
SUSHIUSDT,binance-原名,binance-原名,SUSHI,1.0,0.2709,,,,,,,,,
EGLDUSDT,binance-原名,binance-原名,EGLD,1.0,4.462,,,,,,,,,
SOLUSDT,binance-原名,binance-原名,SOL,1.0,116.68,,,,,,,,,
UNIUSDT,binance-原名,binance-原名,UNI,1.0,9.595,,,,,,,,,
AVAXUSDT,binance-原名,binance-原名,AVAX,1.0,10.747,,,,,,,,,
ENJUSDT,binance-原名,binance-原名,ENJ,1.0,0.02907,,,,,,,,,
KSMUSDT,binance-原名,binance-原名,KSM,1.0,4.596,,,,,,,,,
NEARUSDT,binance-原名,binance-原名,NEAR,1.0,4.691,,,,,,,,,
AAVEUSDT,binance-原名,binance-原名,AAVE,1.0,146.18,,,,,,,,,
FILUSDT,binance-原名,binance-原名,FIL,1.0,1.0226,,,,,,,,,
RSRUSDT,binance-原名,binance-原名,RSR,1.0,0.001733,,,,,,,,,
BELUSDT,binance-原名,binance-原名,BEL,1.0,0.13243,,,,,,,,,
AXSUSDT,binance-原名,binance-原名,AXS,1.0,1.1268,,,,,,,,,
ZENUSDT,binance-原名,binance-原名,ZEN,1.0,8.1,,,,,,,,,
SKLUSDT,binance-原名,binance-原名,SKL,1.0,0.004529,,,,,,,,,
GRTUSDT,binance-原名,binance-原名,GRT,1.0,0.02691,,,,,,,,,
1INCHUSDT,binance-原名,binance-原名,1INCH,1.0,0.10177,,,,,,,,,
CHZUSDT,binance-原名,binance-原名,CHZ,1.0,0.01683,,,,,,,,,
SANDUSDT,binance-原名,binance-原名,SAND,1.0,0.04371,,,,,,,,,
ANKRUSDT,binance-原名,binance-原名,ANKR,1.0,0.005074,,,,,,,,,
RVNUSDT,binance-原名,binance-原名,RVN,1.0,0.002398,,,,,,,,,
SFPUSDT,binance-原名,binance-原名,SFP,1.0,0.3073,,,,,,,,,
COTIUSDT,binance-原名,binance-原名,COTI,1.0,0.016991,,,,,,,,,
CHRUSDT,binance-原名,binance-原名,CHR,1.0,0.02138,,,,,,,,,
MANAUSDT,binance-原名,binance-原名,MANA,1.0,0.08794,,,,,,,,,
ALICEUSDT,binance-原名,binance-原名,ALICE,1.0,0.1483,,,,,,,,,
HBARUSDT,binance-原名,binance-原名,HBAR,1.0,0.09465,,,,,,,,,
ONEUSDT,binance-原名,binance-原名,ONE,1.0,0.0029181,,,,,,,,,
CELRUSDT,binance-原名,binance-原名,CELR,1.0,0.003064,,,,,,,,,
HOTUSDT,binance-原名,binance-原名,HOT,1.0,0.0004337,,,,,,,,,
MTLUSDT,binance-原名,binance-原名,MTL,1.0,0.3183,,,,,,,,,
OGNUSDT,binance-原名,binance-原名,OGN,1.0,0.02013,,,,,,,,,
1000SHIBUSDT,binance-去打包前缀,binance-去打包前缀,SHIB,1000.0,0.005984,,,,,,,,,
GTCUSDT,binance-原名,binance-原名,GTC,1.0,0.08802,,,,,,,,,
IOTXUSDT,binance-原名,binance-原名,IOTX,1.0,0.003983,,,,,,,,,
C98USDT,binance-原名,binance-原名,C98,1.0,0.01634,,,,,,,,,
MASKUSDT,binance-原名,binance-原名,MASK,1.0,0.4925,,,,,,,,,
DYDXUSDT,binance-原名,binance-原名,DYDX,1.0,0.1367,,,,,,,,,
1000XECUSDT,binance-去打包前缀,binance-去打包前缀,XEC,1000.0,0.009259,,,,,,,,,
GALAUSDT,binance-原名,binance-原名,GALA,1.0,0.002095,,,,,,,,,
CELOUSDT,binance-原名,binance-原名,CELO,1.0,0.09562,,,,,,,,,
ARUSDT,binance-原名,binance-原名,AR,1.0,4.528,,,,,,,,,
ARPAUSDT,binance-原名,binance-原名,ARPA,1.0,0.01141,,,,,,,,,
CTSIUSDT,binance-原名,binance-原名,CTSI,1.0,0.02921,,,,,,,,,
LPTUSDT,binance-原名,binance-原名,LPT,1.0,1.784,,,,,,,,,
ENSUSDT,binance-原名,binance-原名,ENS,1.0,7.009,,,,,,,,,
PEOPLEUSDT,binance-原名,binance-原名,PEOPLE,1.0,0.009268,,,,,,,,,
ROSEUSDT,binance-原名,binance-原名,ROSE,1.0,0.008024,,,,,,,,,
DUSKUSDT,binance-原名,binance-原名,DUSK,1.0,0.0919,,,,,,,,,
FLOWUSDT,binance-原名,binance-原名,FLOW,1.0,0.03398,,,,,,,,,
IMXUSDT,binance-原名,binance-原名,IMX,1.0,0.1526,,,,,,,,,
API3USDT,binance-原名,binance-原名,API3,1.0,0.2759,,,,,,,,,
GMTUSDT,binance-原名,binance-原名,GMT,1.0,0.008675,,,,,,,,,
APEUSDT,binance-原名,binance-原名,APE,1.0,0.1623,,,,,,,,,
WOOUSDT,binance-原名,binance-原名,WOO,1.0,0.01302,,,,,,,,,
JASMYUSDT,binance-原名,binance-原名,JASMY,1.0,0.004517,,,,,,,,,
OPUSDT,binance-原名,binance-原名,OP,1.0,0.13475,,,,,,,,,
INJUSDT,binance-原名,binance-原名,INJ,1.0,8.126,,,,,,,,,
STGUSDT,binance-原名,binance-原名,STG,1.0,0.132,,,,,,,,,
SPELLUSDT,binance-原名,binance-原名,SPELL,1.0,9.32e-05,,,,,,,,,
1000LUNCUSDT,binance-去打包前缀,binance-去打包前缀,LUNC,1000.0,0.05586,,,,,,,,,
LUNA2USDT,查不到,查不到,,1.0,0.05577,,,,,,,,,
LDOUSDT,binance-原名,binance-原名,LDO,1.0,0.4204,,,,,,,,,
ICPUSDT,binance-原名,binance-原名,ICP,1.0,3.028,,,,,,,,,
APTUSDT,binance-原名,binance-原名,APT,1.0,0.8337,,,,,,,,,
QNTUSDT,binance-原名,binance-原名,QNT,1.0,73.58,,,,,,,,,
FETUSDT,binance-原名,binance-原名,FET,1.0,0.2055,,,,,,,,,
MAGICUSDT,binance-原名,binance-原名,MAGIC,1.0,0.05185,,,,,,,,,
TUSDT,binance-原名,binance-原名,T,1.0,0.005525,,,,,,,,,
MINAUSDT,binance-原名,binance-原名,MINA,1.0,0.14669,,,,,,,,,
ASTRUSDT,binance-原名,binance-原名,ASTR,1.0,0.007236,,,,,,,,,
GMXUSDT,binance-原名,binance-原名,GMX,1.0,8.376,,,,,,,,,
CFXUSDT,binance-原名,binance-原名,CFX,1.0,0.05454,,,,,,,,,
STXUSDT,binance-原名,binance-原名,STX,1.0,0.322,,,,,,,,,
ACHUSDT,binance-原名,binance-原名,ACH,1.0,0.006022,,,,,,,,,
SSVUSDT,binance-原名,binance-原名,SSV,1.0,3.289,,,,,,,,,
CKBUSDT,binance-原名,binance-原名,CKB,1.0,0.0013419,,,,,,,,,
LQTYUSDT,binance-原名,binance-原名,LQTY,1.0,0.2439,,,,,,,,,
USDCUSDT,binance-原名,binance-原名,USDC,1.0,0.9996,,,,,,,,,
IDUSDT,binance-原名,binance-原名,ID,1.0,0.03825,,,,,,,,,
ARBUSDT,binance-原名,binance-原名,ARB,1.0,0.23252,,,,,,,,,
JOEUSDT,binance-原名,binance-原名,JOE,1.0,0.03663,,,,,,,,,
TLMUSDT,binance-原名,binance-原名,TLM,1.0,0.001544,,,,,,,,,
XVSUSDT,binance-原名,binance-原名,XVS,1.0,3.367,,,,,,,,,
ETHBTC,查不到,查不到,,1.0,0.031822,,,,,,,,,
BLURUSDT,binance-原名,binance-原名,BLUR,1.0,0.02053,,,,,,,,,
EDUUSDT,binance-原名,binance-原名,EDU,1.0,0.05266,,,,,,,,,
SUIUSDT,binance-原名,binance-原名,SUI,1.0,1.0091,,,,,,,,,
1000PEPEUSDT,binance-去打包前缀,binance-去打包前缀,PEPE,1000.0,0.0047402,,,,,,,,,
1000FLOKIUSDT,binance-去打包前缀,binance-去打包前缀,FLOKI,1000.0,0.02921,,,,,,,,,
UMAUSDT,binance-原名,binance-原名,UMA,1.0,0.417,,,,,,,,,
NMRUSDT,binance-原名,binance-原名,NMR,1.0,9.94,,,,,,,,,
MAVUSDT,binance-原名,binance-原名,MAV,1.0,0.012004,,,,,,,,,
XVGUSDT,binance-原名,binance-原名,XVG,1.0,0.003079,,,,,,,,,
WLDUSDT,binance-原名,binance-原名,WLD,1.0,0.4526,,,,,,,,,
PENDLEUSDT,binance-原名,binance-原名,PENDLE,1.0,2.4509,,,,,,,,,
ARKMUSDT,binance-原名,binance-原名,ARKM,1.0,0.1313,,,,,,,,,
AGLDUSDT,binance-原名,binance-原名,AGLD,1.0,0.2148,,,,,,,,,
YGGUSDT,binance-原名,binance-原名,YGG,1.0,0.02779,,,,,,,,,
DODOXUSDT,查不到,查不到,,1.0,0.01842,,,,,,,,,
BNTUSDT,binance-原名,binance-原名,BNT,1.0,0.3413,,,,,,,,,
SEIUSDT,binance-原名,binance-原名,SEI,1.0,0.06085,,,,,,,,,
CYBERUSDT,binance-原名,binance-原名,CYBER,1.0,0.3606,,,,,,,,,
ARKUSDT,binance-原名,binance-原名,ARK,1.0,0.163,,,,,,,,,
BICOUSDT,binance-原名,binance-原名,BICO,1.0,0.02283,,,,,,,,,
BIGTIMEUSDT,binance-原名,binance-原名,BIGTIME,1.0,0.008563,,,,,,,,,
WAXPUSDT,binance-原名,binance-原名,WAXP,1.0,0.005663,,,,,,,,,
BSVUSDT,coingecko-原名,coingecko-原名-单价核对通过,BSV,1.0,22.44,bitcoin-cash-sv,22.69,0.9889819303658,对,450750737.25,bitcoin-cash-sv,450750737.25,1.0,bitcoin-cash-sv
RIFUSDT,binance-原名,binance-原名,RIF,1.0,0.09715,,,,,,,,,
POLYXUSDT,binance-原名,binance-原名,POLYX,1.0,0.04403,,,,,,,,,
GASUSDT,binance-原名,binance-原名,GAS,1.0,1.456,,,,,,,,,
POWRUSDT,binance-原名,binance-原名,POWR,1.0,0.06989,,,,,,,,,
TIAUSDT,binance-原名,binance-原名,TIA,1.0,0.51,,,,,,,,,
CAKEUSDT,binance-原名,binance-原名,CAKE,1.0,2.5905,,,,,,,,,
MEMEUSDT,binance-原名,binance-原名,MEME,1.0,0.0006251,,,,,,,,,
TWTUSDT,binance-原名,binance-原名,TWT,1.0,0.57,,,,,,,,,
ORDIUSDT,binance-原名,binance-原名,ORDI,1.0,4.82,,,,,,,,,
STEEMUSDT,binance-原名,binance-原名,STEEM,1.0,0.06083,,,,,,,,,
ILVUSDT,binance-原名,binance-原名,ILV,1.0,3.853,,,,,,,,,
KASUSDT,coingecko-原名,coingecko-原名-单价核对通过,KAS,1.0,0.04103,kaspa,0.04109423,0.9984370068498666,对,1137183783.7258267,kaspa,1137183783.7258267,1.0,kaspa
BEAMXUSDT,binance-原名,binance-原名,BEAMX,1.0,0.001946,,,,,,,,,
1000BONKUSDT,binance-去打包前缀,binance-去打包前缀,BONK,1000.0,0.003813,,,,,,,,,
PYTHUSDT,binance-原名,binance-原名,PYTH,1.0,0.06673,,,,,,,,,
SUPERUSDT,binance-原名,binance-原名,SUPER,1.0,0.18042,,,,,,,,,
USTCUSDT,binance-原名,binance-原名,USTC,1.0,0.005933,,,,,,,,,
ONGUSDT,binance-原名,binance-原名,ONG,1.0,0.09097,,,,,,,,,
ETHWUSDT,coingecko-原名,coingecko-原名-单价核对通过,ETHW,1.0,0.3011,ethereum-pow-iou,0.299956,1.0038138927042632,对,32464215.688699998,ethereum-pow-iou,32464215.688699998,1.0,ethereum-pow-iou
JTOUSDT,binance-原名,binance-原名,JTO,1.0,0.4989,,,,,,,,,
1000SATSUSDT,binance-原名,binance-原名,1000SATS,1.0,1.234e-05,,,,,,,,,
AUCTIONUSDT,binance-原名,binance-原名,AUCTION,1.0,3.904,,,,,,,,,
1000RATSUSDT,查不到,查不到,,1.0,0.04138,,,,,,,,,
ACEUSDT,binance-原名,binance-原名,ACE,1.0,0.18899,,,,,,,,,
MOVRUSDT,binance-原名,binance-原名,MOVR,1.0,0.9093,,,,,,,,,
BTCUSDC,binance-原名,binance-原名,BTC,1.0,85373.1,,,,,,,,,
ETHUSDC,binance-原名,binance-原名,ETH,1.0,2716.58,,,,,,,,,
BNBUSDC,binance-原名,binance-原名,BNB,1.0,778.69,,,,,,,,,
SOLUSDC,binance-原名,binance-原名,SOL,1.0,116.67,,,,,,,,,
XRPUSDC,binance-原名,binance-原名,XRP,1.0,1.5639,,,,,,,,,
XAIUSDT,binance-原名,binance-原名,XAI,1.0,0.00823,,,,,,,,,
DOGEUSDC,binance-原名,binance-原名,DOGE,1.0,0.09924,,,,,,,,,
WIFUSDT,binance-原名,binance-原名,WIF,1.0,0.2428,,,,,,,,,
MANTAUSDT,binance-原名,binance-原名,MANTA,1.0,0.07144,,,,,,,,,
ONDOUSDT,binance-原名,binance-原名,ONDO,1.0,0.4297,,,,,,,,,
LSKUSDT,binance-原名,binance-原名,LSK,1.0,0.31482,,,,,,,,,
ALTUSDT,binance-原名,binance-原名,ALT,1.0,0.007986,,,,,,,,,
JUPUSDT,binance-原名,binance-原名,JUP,1.0,0.3009,,,,,,,,,
ZETAUSDT,coingecko-原名,coingecko-原名-单价核对通过,ZETA,1.0,0.05106,zetachain,0.050868,1.0037744751120548,对,82057674.98298,zetachain,82057674.98298,1.0,zetachain
RONINUSDT,binance-原名,binance-原名,RONIN,1.0,0.06585,,,,,,,,,
DYMUSDT,binance-原名,binance-原名,DYM,1.0,0.01942,,,,,,,,,
SUIUSDC,binance-原名,binance-原名,SUI,1.0,1.0088,,,,,,,,,
LINKUSDC,binance-原名,binance-原名,LINK,1.0,12.67,,,,,,,,,
PIXELUSDT,binance-原名,binance-原名,PIXEL,1.0,0.005665,,,,,,,,,
STRKUSDT,binance-原名,binance-原名,STRK,1.0,0.04205,,,,,,,,,
ORDIUSDC,binance-原名,binance-原名,ORDI,1.0,4.817,,,,,,,,,
GLMUSDT,binance-原名,binance-原名,GLM,1.0,0.12823,,,,,,,,,
PORTALUSDT,binance-原名,binance-原名,PORTAL,1.0,0.01855,,,,,,,,,
AXLUSDT,binance-原名,binance-原名,AXL,1.0,0.05374,,,,,,,,,
1000PEPEUSDC,binance-去打包前缀,binance-去打包前缀,PEPE,1000.0,0.0047389,,,,,,,,,
METISUSDT,binance-原名,binance-原名,METIS,1.0,3.581,,,,,,,,,
AEVOUSDT,binance-原名,binance-原名,AEVO,1.0,0.02656,,,,,,,,,
WLDUSDC,binance-原名,binance-原名,WLD,1.0,0.4524,,,,,,,,,
BOMEUSDT,binance-原名,binance-原名,BOME,1.0,0.0011345,,,,,,,,,
ETHFIUSDT,binance-原名,binance-原名,ETHFI,1.0,0.6935,,,,,,,,,
AVAXUSDC,binance-原名,binance-原名,AVAX,1.0,10.743,,,,,,,,,
1000SHIBUSDC,binance-去打包前缀,binance-去打包前缀,SHIB,1000.0,0.005986,,,,,,,,,
ENAUSDT,binance-原名,binance-原名,ENA,1.0,0.21185,,,,,,,,,
WUSDT,binance-原名,binance-原名,W,1.0,0.012115,,,,,,,,,
WIFUSDC,binance-原名,binance-原名,WIF,1.0,0.2427,,,,,,,,,
BCHUSDC,binance-原名,binance-原名,BCH,1.0,355.24,,,,,,,,,
TNSRUSDT,binance-原名,binance-原名,TNSR,1.0,0.03884,,,,,,,,,
SAGAUSDT,binance-原名,binance-原名,SAGA,1.0,0.04995,,,,,,,,,
LTCUSDC,binance-原名,binance-原名,LTC,1.0,62.01,,,,,,,,,
NEARUSDC,binance-原名,binance-原名,NEAR,1.0,4.686,,,,,,,,,
TAOUSDT,binance-原名,binance-原名,TAO,1.0,307.32,,,,,,,,,
ARBUSDC,binance-原名,binance-原名,ARB,1.0,0.23252,,,,,,,,,
NEOUSDC,binance-原名,binance-原名,NEO,1.0,2.635,,,,,,,,,
FILUSDC,binance-原名,binance-原名,FIL,1.0,1.0225,,,,,,,,,
TIAUSDC,binance-原名,binance-原名,TIA,1.0,0.5095,,,,,,,,,
BOMEUSDC,binance-原名,binance-原名,BOME,1.0,0.0011345,,,,,,,,,
REZUSDT,binance-原名,binance-原名,REZ,1.0,0.004005,,,,,,,,,
ENAUSDC,binance-原名,binance-原名,ENA,1.0,0.21158,,,,,,,,,
ETHFIUSDC,binance-原名,binance-原名,ETHFI,1.0,0.6931,,,,,,,,,
1000BONKUSDC,binance-去打包前缀,binance-去打包前缀,BONK,1000.0,0.003809,,,,,,,,,
BBUSDT,binance-原名,binance-原名,BB,1.0,0.010053,,,,,,,,,
NOTUSDT,binance-原名,binance-原名,NOT,1.0,0.0004994,,,,,,,,,
TURBOUSDT,binance-原名,binance-原名,TURBO,1.0,0.0010884,,,,,,,,,
IOUSDT,binance-原名,binance-原名,IO,1.0,0.1582,,,,,,,,,
ZKUSDT,binance-原名,binance-原名,ZK,1.0,0.01225,,,,,,,,,
MEWUSDT,coingecko-原名,coingecko-原名-单价核对通过,MEW,1.0,0.0005048,cat-in-a-dogs-world,0.00050441,1.0007731805475706,对,44871111.11110663,cat-in-a-dogs-world,44871111.11110663,1.0,cat-in-a-dogs-world
LISTAUSDT,binance-原名,binance-原名,LISTA,1.0,0.08551,,,,,,,,,
ZROUSDT,binance-原名,binance-原名,ZRO,1.0,1.4686,,,,,,,,,
CRVUSDC,binance-原名,binance-原名,CRV,1.0,0.3517,,,,,,,,,
RENDERUSDT,binance-原名,binance-原名,RENDER,1.0,1.779,,,,,,,,,
BANANAUSDT,binance-原名,binance-原名,BANANA,1.0,4.139,,,,,,,,,
RAREUSDT,binance-原名,binance-原名,RARE,1.0,0.01358,,,,,,,,,
GUSDT,binance-原名,binance-原名,G,1.0,0.006128,,,,,,,,,
SYNUSDT,binance-原名,binance-原名,SYN,1.0,0.22063,,,,,,,,,
BRETTUSDT,coingecko-原名,coingecko-原名-单价核对通过,BRETT,1.0,0.005864,based-brett,0.00586555,0.9997357451560384,对,58109904.35826917,based-brett,58109904.35826917,1.0,based-brett
POPCATUSDT,coingecko-原名,coingecko-原名-单价核对通过,POPCAT,1.0,0.05978,popcat,0.060045,0.9955866433508201,对,58583124.8902088,popcat,58583124.8902088,1.0,popcat
SUNUSDT,binance-原名,binance-原名,SUN,1.0,0.017295,,,,,,,,,
DOGSUSDT,binance-原名,binance-原名,DOGS,1.0,4.986e-05,,,,,,,,,
FLUXUSDT,binance-原名,binance-原名,FLUX,1.0,0.0712,,,,,,,,,
RPLUSDT,binance-原名,binance-原名,RPL,1.0,2.003,,,,,,,,,
POLUSDT,binance-原名,binance-原名,POL,1.0,0.10653,,,,,,,,,
1MBABYDOGEUSDT,binance-原名,binance-原名,1MBABYDOGE,1.0,0.0004187,,,,,,,,,
NEIROUSDT,binance-原名,binance-原名,NEIRO,1.0,9.643e-05,,,,,,,,,
FIDAUSDT,binance-原名,binance-原名,FIDA,1.0,0.02214,,,,,,,,,
CATIUSDT,binance-原名,binance-原名,CATI,1.0,0.06522,,,,,,,,,
HMSTRUSDT,binance-原名,binance-原名,HMSTR,1.0,0.0001822,,,,,,,,,
EIGENUSDT,binance-原名,binance-原名,EIGEN,1.0,0.2539,,,,,,,,,
DIAUSDT,binance-原名,binance-原名,DIA,1.0,0.153,,,,,,,,,
1000CATUSDT,binance-原名,binance-原名,1000CAT,1.0,0.002237,,,,,,,,,
SCRUSDT,binance-原名,binance-原名,SCR,1.0,0.02435,,,,,,,,,
GOATUSDT,coingecko-原名,coingecko-原名-单价核对通过,GOAT,1.0,0.02033,goatseus-maximus,0.02032525,1.0002336994624914,对,20329568.76420682,goatseus-maximus,20329568.76420682,1.0,goatseus-maximus
MOODENGUSDT,coingecko-原名,coingecko-原名-单价核对通过,MOODENG,1.0,0.04784,moo-deng,0.04790767,0.9985874913140214,对,47358566.31522812,moo-deng,47358566.31522812,1.0,moo-deng
SAFEUSDT,查不到,查不到,,1.0,0.11174,,,,,,,,,
SANTOSUSDT,binance-原名,binance-原名,SANTOS,1.0,0.534,,,,,,,,,
COWUSDT,binance-原名,binance-原名,COW,1.0,0.1485,,,,,,,,,
CETUSUSDT,binance-原名,binance-原名,CETUS,1.0,0.02765,,,,,,,,,
1000000MOGUSDT,coingecko-去打包前缀,coingecko-去打包前缀-单价核对通过,MOG,1000000.0,0.1267,mog-coin,1.2675e-07,0.999605522682446,对,49484205.14536532,mog-coin,49484205.14536532,1.0,mog-coin
GRASSUSDT,coingecko-原名,coingecko-原名-单价核对通过,GRASS,1.0,0.4629,grass,0.460711,1.0047513517150666,对,313393743.024,grass,313393743.024,1.0,grass
DRIFTUSDT,查不到,查不到,,1.0,0.02035,,,,,,,,,
ACTUSDT,binance-原名,binance-原名,ACT,1.0,0.011204,,,,,,,,,
PNUTUSDT,binance-原名,binance-原名,PNUT,1.0,0.05718,,,,,,,,,
BANUSDT,coingecko-原名,coingecko-原名-单价核对通过,BAN,1.0,0.06855,comedian,0.068427,1.001797536060327,对,68547385.4529585,comedian,68547385.4529585,1.0,comedian
AKTUSDT,coingecko-原名,coingecko-原名-单价核对通过,AKT,1.0,0.733,akash-network,0.735712,0.9963137749554173,对,218474711.932779,akash-network,218474711.932779,1.0,akash-network
1000CHEEMSUSDT,binance-原名,binance-原名,1000CHEEMS,1.0,0.0005696,,,,,,,,,
THEUSDT,binance-原名,binance-原名,THE,1.0,0.0809,,,,,,,,,
MORPHOUSDT,binance-原名,binance-原名,MORPHO,1.0,2.5883,,,,,,,,,
CHILLGUYUSDT,查不到,查不到,,1.0,0.014098,,,,,,,,,
KAIAUSDT,binance-原名,binance-原名,KAIA,1.0,0.03458,,,,,,,,,
AEROUSDT,binance-原名,binance-原名,AERO,1.0,0.7064,,,,,,,,,
ORCAUSDT,binance-原名,binance-原名,ORCA,1.0,1.576,,,,,,,,,
MOVEUSDT,binance-原名,binance-原名,MOVE,1.0,0.00992,,,,,,,,,
RAYSOLUSDT,查不到,查不到,,1.0,1.9011,,,,,,,,,
KOMAUSDT,查不到,查不到,,1.0,0.022532,,,,,,,,,
VIRTUALUSDT,binance-原名,binance-原名,VIRTUAL,1.0,0.7513,,,,,,,,,
SPXUSDT,coingecko-原名,coingecko-原名-单价核对通过,SPX,1.0,0.4904,spx6900,0.490819,0.9991463248162764,对,456556117.0331736,spx6900,456556117.0331736,1.0,spx6900
MEUSDT,binance-原名,binance-原名,ME,1.0,0.07728,,,,,,,,,
AVAUSDT,binance-原名,binance-原名,AVA,1.0,0.2792,,,,,,,,,
VELODROMEUSDT,binance-原名,binance-原名,VELODROME,1.0,0.03009,,,,,,,,,
MOCAUSDT,coingecko-原名,coingecko-原名-单价核对通过,MOCA,1.0,0.010526,mocaverse,0.01052803,0.999807181400509,对,44558518.26058516,mocaverse,44558518.26058516,1.0,mocaverse
VANAUSDT,binance-原名,binance-原名,VANA,1.0,1.1494,,,,,,,,,
PENGUUSDT,binance-原名,binance-原名,PENGU,1.0,0.010101,,,,,,,,,
LUMIAUSDT,binance-原名,binance-原名,LUMIA,1.0,0.085,,,,,,,,,
USUALUSDT,binance-原名,binance-原名,USUAL,1.0,0.013776,,,,,,,,,
AIXBTUSDT,binance-原名,binance-原名,AIXBT,1.0,0.02344,,,,,,,,,
FARTCOINUSDT,coingecko-原名,coingecko-原名-单价核对通过,FARTCOIN,1.0,0.1977,fartcoin,0.198534,0.9957992081960773,对,197694299.23506987,fartcoin,197694299.23506987,1.0,fartcoin
KMNOUSDT,binance-原名,binance-原名,KMNO,1.0,0.03698,,,,,,,,,
CGPTUSDT,binance-原名,binance-原名,CGPT,1.0,0.02218,,,,,,,,,
HIVEUSDT,binance-原名,binance-原名,HIVE,1.0,0.05631,,,,,,,,,
DEXEUSDT,binance-原名,binance-原名,DEXE,1.0,1.992,,,,,,,,,
PHAUSDT,binance-原名,binance-原名,PHA,1.0,0.04719,,,,,,,,,
GRIFFAINUSDT,查不到,查不到,,1.0,0.016007,,,,,,,,,
ZEREBROUSDT,coingecko-原名,coingecko-原名-单价核对通过,ZEREBRO,1.0,0.034503,zerebro,0.03451499,0.9996526147045095,对,34501205.152439944,zerebro,34501205.152439944,1.0,zerebro
BIOUSDT,binance-原名,binance-原名,BIO,1.0,0.02991,,,,,,,,,
COOKIEUSDT,binance-原名,binance-原名,COOKIE,1.0,0.012279,,,,,,,,,
ALCHUSDT,coingecko-原名,coingecko-原名-单价核对通过,ALCH,1.0,0.04895,alchemist-ai,0.04885732,1.001896952186489,对,48947697.61785603,alchemist-ai,48947697.61785603,1.0,alchemist-ai
SWARMSUSDT,查不到,查不到,,1.0,0.008461,,,,,,,,,
SONICUSDT,查不到,查不到,,1.0,0.0267,,,,,,,,,
PROMUSDT,binance-原名,binance-原名,PROM,1.0,5.137,,,,,,,,,
SUSDT,binance-原名,binance-原名,S,1.0,0.04261,,,,,,,,,
SOLVUSDT,binance-原名,binance-原名,SOLV,1.0,0.004216,,,,,,,,,
ARCUSDT,coingecko-原名,coingecko-原名-单价核对通过,ARC,1.0,0.08119,ai-rig-complex,0.0809,1.003584672435105,对,81188587.75812954,ai-rig-complex,81188587.75812954,1.0,ai-rig-complex
AVAAIUSDT,查不到,查不到,,1.0,0.009998,,,,,,,,,
TRUMPUSDT,binance-原名,binance-原名,TRUMP,1.0,2.151,,,,,,,,,
MELANIAUSDT,coingecko-原名,coingecko-原名-单价核对通过,MELANIA,1.0,0.11196,melania-meme,0.111714,1.0022020516676513,对,111959521.22330943,melania-meme,111959521.22330943,1.0,melania-meme
VTHOUSDT,binance-原名,binance-原名,VTHO,1.0,0.0007248,,,,,,,,,
ANIMEUSDT,binance-原名,binance-原名,ANIME,1.0,0.003484,,,,,,,,,
PIPPINUSDT,coingecko-原名,coingecko-原名-单价核对通过,PIPPIN,1.0,0.01957,pippin,0.01960129,0.9984036764927207,对,19568706.714719266,pippin,19568706.714719266,1.0,pippin
VVVUSDT,coingecko-原名,coingecko-原名-单价核对通过,VVV,1.0,32.1,venice-token,32.17,0.9978240596829344,对,1544816172.0927567,venice-token,1544816172.0927567,1.0,venice-token
BERAUSDT,binance-原名,binance-原名,BERA,1.0,0.2347,,,,,,,,,
TSTUSDT,binance-原名,binance-原名,TST,1.0,0.01774,,,,,,,,,
LAYERUSDT,binance-原名,binance-原名,LAYER,1.0,0.07857,,,,,,,,,
HEIUSDT,binance-原名,binance-原名,HEI,1.0,0.1508,,,,,,,,,
GPSUSDT,binance-原名,binance-原名,GPS,1.0,0.012603,,,,,,,,,
SHELLUSDT,binance-原名,binance-原名,SHELL,1.0,0.02812,,,,,,,,,
KAITOUSDT,binance-原名,binance-原名,KAITO,1.0,0.3612,,,,,,,,,
KAITOUSDC,binance-原名,binance-原名,KAITO,1.0,0.361,,,,,,,,,
TRUMPUSDC,binance-原名,binance-原名,TRUMP,1.0,2.15,,,,,,,,,
ADAUSDC,binance-原名,binance-原名,ADA,1.0,0.2492,,,,,,,,,
REDUSDT,binance-原名,binance-原名,RED,1.0,0.1606,,,,,,,,,
PNUTUSDC,binance-原名,binance-原名,PNUT,1.0,0.05715,,,,,,,,,
HBARUSDC,binance-原名,binance-原名,HBAR,1.0,0.09463,,,,,,,,,
EPICUSDT,binance-原名,binance-原名,EPIC,1.0,0.571,,,,,,,,,
BMTUSDT,binance-原名,binance-原名,BMT,1.0,0.02069,,,,,,,,,
MUBARAKUSDT,binance-原名,binance-原名,MUBARAK,1.0,0.05505,,,,,,,,,
FORMUSDT,binance-原名,binance-原名,FORM,1.0,0.3045,,,,,,,,,
TUTUSDT,binance-原名,binance-原名,TUT,1.0,0.02525,,,,,,,,,
BROCCOLI714USDT,binance-原名,binance-原名,BROCCOLI714,1.0,0.02351,,,,,,,,,
BROCCOLIF3BUSDT,查不到,查不到,,1.0,0.00771,,,,,,,,,
SIRENUSDT,coingecko-原名,coingecko-原名-单价核对通过,SIREN,1.0,0.02437,siren-2,0.02541518,0.9588757585033826,对,17633877.515018914,siren-2,17633877.515018914,1.0,siren-2
BANANAS31USDT,binance-原名,binance-原名,BANANAS31,1.0,0.008159,,,,,,,,,
BRUSDT,coingecko-原名,coingecko-原名-单价核对通过,BR,1.0,1.07072,bedrock-token,1.077,0.9941689879294335,对,317646932.61951995,bedrock-token,317646932.61951995,1.0,bedrock-token
PLUMEUSDT,binance-原名,binance-原名,PLUME,1.0,0.01643,,,,,,,,,
NILUSDT,binance-原名,binance-原名,NIL,1.0,0.0981,,,,,,,,,
PARTIUSDT,binance-原名,binance-原名,PARTI,1.0,0.02603,,,,,,,,,
JELLYJELLYUSDT,coingecko-原名,coingecko-原名-单价核对通过,JELLYJELLY,1.0,0.0575,jelly-my-jelly,0.05739,1.001916710228263,对,57499948.212050006,jelly-my-jelly,57499948.212050006,1.0,jelly-my-jelly
MAVIAUSDT,查不到,查不到,,1.0,0.03697,,,,,,,,,
PAXGUSDT,binance-原名,binance-原名,PAXG,1.0,4302.36,,,,,,,,,
WALUSDT,binance-原名,binance-原名,WAL,1.0,0.03425,,,,,,,,,
GUNUSDT,binance-原名,binance-原名,GUN,1.0,0.003121,,,,,,,,,
ATHUSDT,coingecko-原名,coingecko-原名-单价核对通过,ATH,1.0,0.00604,aethir,0.00605893,0.9968756859709553,对,121577738.14172001,aethir,121577738.14172001,1.0,aethir
BABYUSDT,binance-原名,binance-原名,BABY,1.0,0.01318,,,,,,,,,
PROMPTUSDT,查不到,查不到,,1.0,0.02247,,,,,,,,,
STOUSDT,binance-原名,binance-原名,STO,1.0,0.04462,,,,,,,,,
FHEUSDT,查不到,查不到,,1.0,0.02439,,,,,,,,,
KERNELUSDT,binance-原名,binance-原名,KERNEL,1.0,0.05625,,,,,,,,,
WCTUSDT,binance-原名,binance-原名,WCT,1.0,0.04444,,,,,,,,,
INITUSDT,binance-原名,binance-原名,INIT,1.0,0.09045,,,,,,,,,
BANKUSDT,binance-原名,binance-原名,BANK,1.0,0.03493,,,,,,,,,
DEEPUSDT,coingecko-原名,coingecko-原名-单价核对通过,DEEP,1.0,0.01937,deep,0.01944707,0.9960369351269882,对,48424999.99999999,deep,48424999.99999999,1.0,deep
HYPERUSDT,binance-原名,binance-原名,HYPER,1.0,0.0773,,,,,,,,,
JSTUSDT,binance-原名,binance-原名,JST,1.0,0.1117,,,,,,,,,
SIGNUSDT,binance-原名,binance-原名,SIGN,1.0,0.012644,,,,,,,,,
PUNDIXUSDT,binance-原名,binance-原名,PUNDIX,1.0,0.12123,,,,,,,,,
CTKUSDT,binance-原名,binance-原名,CTK,1.0,0.1316,,,,,,,,,
AIOTUSDT,coingecko-原名,coingecko-原名-单价核对通过,AIOT,1.0,0.05056,okzoo,0.050481,1.001564945226917,对,26556639.94944,okzoo,26556639.94944,1.0,okzoo
DOLOUSDT,binance-原名,binance-原名,DOLO,1.0,0.03031,,,,,,,,,
HAEDALUSDT,binance-原名,binance-原名,HAEDAL,1.0,0.02132,,,,,,,,,
SXTUSDT,binance-原名,binance-原名,SXT,1.0,0.009843,,,,,,,,,
ASRUSDT,binance-原名,binance-原名,ASR,1.0,0.8885,,,,,,,,,
ALPINEUSDT,binance-原名,binance-原名,ALPINE,1.0,0.3618,,,,,,,,,
B2USDT,coingecko-原名,coingecko-原名-单价核对通过,B2,1.0,0.4813,bsquared-network,0.479759,1.003212029373081,对,19996029.6375,bsquared-network,19996029.6375,1.0,bsquared-network
SYRUPUSDT,binance-原名,binance-原名,SYRUP,1.0,0.21675,,,,,,,,,
DOODUSDT,查不到,查不到,,1.0,0.001935,,,,,,,,,
OGUSDT,binance-原名,binance-原名,OG,1.0,2.931,,,,,,,,,
SKYAIUSDT,coingecko-原名,coingecko-原名-单价核对通过,SKYAI,1.0,0.05023,skyai,0.050137,1.0018549175259788,对,50148833.52211788,skyai,50148833.52211788,1.0,skyai
NXPCUSDT,binance-原名,binance-原名,NXPC,1.0,0.2504,,,,,,,,,
CVCUSDT,binance-原名,binance-原名,CVC,1.0,0.02852,,,,,,,,,
AGTUSDT,查不到,查不到,,1.0,0.019509,,,,,,,,,
AWEUSDT,binance-原名,binance-原名,AWE,1.0,0.06406,,,,,,,,,
BUSDT,查不到,查不到,,1.0,0.2318,,,,,,,,,
SOONUSDT,coingecko-原名,coingecko-原名-单价核对通过,SOON,1.0,0.2015,soon-2,0.201022,1.0023778491906359,对,68468036.08554001,soon-2,68468036.08554001,1.0,soon-2
HUMAUSDT,binance-原名,binance-原名,HUMA,1.0,0.024832,,,,,,,,,
AUSDT,coingecko-原名,binance-原名,AUSDT,1.0,0.09696,alloy-tether,0.999825,0.09697697096991974,错,4859558.455190401,,,,alloy-tether
SOPHUSDT,binance-原名,binance-原名,SOPH,1.0,0.003774,,,,,,,,,
MERLUSDT,coingecko-原名,coingecko-原名-单价核对通过,MERL,1.0,0.03255,merlin-chain,0.03244101,1.0033596364601474,对,68355000.0,merlin-chain,68355000.0,1.0,merlin-chain
HYPEUSDT,coingecko-原名,coingecko-原名-单价核对通过,HYPE,1.0,94.654,hyperliquid,94.85,0.9979335793357934,对,21055376619.973778,hyperliquid,21055376619.973778,1.0,hyperliquid
1000000BOBUSDT,coingecko-去打包前缀,coingecko-去打包前缀-单价对不上留空,BOB,1000000.0,0.01988,bob-build-on-bitcoin,0.00571732,3.4771536314217152e-06,错,65.92829713204,,,,bob-build-on-bitcoin
LAUSDT,binance-原名,binance-原名,LA,1.0,0.07656,,,,,,,,,
HOMEUSDT,binance-原名,binance-原名,HOME,1.0,0.006397,,,,,,,,,
RESOLVUSDT,binance-原名,binance-原名,RESOLV,1.0,0.01881,,,,,,,,,
TAIKOUSDT,coingecko-原名,coingecko-原名-单价核对通过,TAIKO,1.0,0.09255,taiko,0.092496,1.0005838090295796,对,20124807.69129547,taiko,20124807.69129547,1.0,taiko
SQDUSDT,coingecko-原名,coingecko-原名-单价核对通过,SQD,1.0,0.0315,subsquid,0.03147305,1.000856288157646,对,41118656.61737214,subsquid,41118656.61737214,1.0,subsquid
PUMPBTCUSDT,查不到,查不到,,1.0,0.0121,,,,,,,,,
AAVEUSDC,binance-原名,binance-原名,AAVE,1.0,146.05,,,,,,,,,
UNIUSDC,binance-原名,binance-原名,UNI,1.0,9.597,,,,,,,,,
SPKUSDT,binance-原名,binance-原名,SPK,1.0,0.02182,,,,,,,,,
MYXUSDT,coingecko-原名,coingecko-原名-单价核对通过,MYX,1.0,0.08246,myx-finance,0.08276,0.9963750604156598,对,19395651.585437406,myx-finance,19395651.585437406,1.0,myx-finance
FUSDT,binance-原名,binance-原名,F,1.0,0.003728,,,,,,,,,
NEWTUSDT,binance-原名,binance-原名,NEWT,1.0,0.05057,,,,,,,,,
HUSDT,coingecko-原名,coingecko-原名-单价核对通过,H,1.0,0.05827,humanity,0.058449,0.9969375010693083,对,116061212.53572781,humanity,116061212.53572781,1.0,humanity
SAHARAUSDT,binance-原名,binance-原名,SAHARA,1.0,0.009908,,,,,,,,,
ICNTUSDT,coingecko-原名,coingecko-原名-单价核对通过,ICNT,1.0,0.1014,impossible-cloud-network-token,0.101295,1.001036576336443,对,25654821.4806,impossible-cloud-network-token,25654821.4806,1.0,impossible-cloud-network-token
BULLAUSDT,coingecko-原名,coingecko-原名-单价核对通过,BULLA,1.0,0.09601,bulla-3,0.096317,0.9968126083661244,对,96010000.0,bulla-3,96010000.0,1.0,bulla-3
IDOLUSDT,coingecko-原名,coingecko-原名-单价核对通过,IDOL,1.0,0.01187,meet48,0.01184078,1.0024677428345092,对,25024683.386002805,meet48,25024683.386002805,1.0,meet48
MUSDT,查不到,查不到,,1.0,1.2694,,,,,,,,,
PUMPUSDT,binance-原名,binance-原名,PUMP,1.0,0.004186,,,,,,,,,
CROSSUSDT,查不到,查不到,,1.0,0.14861,,,,,,,,,
AINUSDT,查不到,查不到,,1.0,0.02319,,,,,,,,,
CUSDT,binance-原名,binance-原名,C,1.0,0.08056,,,,,,,,,
VELVETUSDT,coingecko-原名,coingecko-原名-单价核对通过,VELVET,1.0,0.06089,velvet,0.061271,0.9937817238171403,对,28241901.27173364,velvet,28241901.27173364,1.0,velvet
TACUSDT,查不到,查不到,,1.0,0.001606,,,,,,,,,
ERAUSDT,binance-原名,binance-原名,ERA,1.0,0.06969,,,,,,,,,
TAUSDT,查不到,查不到,,1.0,0.05803,,,,,,,,,
PENGUUSDC,binance-原名,binance-原名,PENGU,1.0,0.0101,,,,,,,,,
CVXUSDT,binance-原名,binance-原名,CVX,1.0,2.055,,,,,,,,,
SLPUSDT,binance-原名,binance-原名,SLP,1.0,0.0007013,,,,,,,,,
ZORAUSDT,coingecko-原名,coingecko-原名-单价核对通过,ZORA,1.0,0.009163,zora,0.00919227,0.9968158028430408,对,40958609.98167399,zora,40958609.98167399,1.0,zora
TAGUSDT,coingecko-原名,coingecko-原名-单价核对通过,TAG,1.0,0.0008221,tagger,0.00081925,1.0034787915776624,对,89497756.28435914,tagger,89497756.28435914,1.0,tagger
ESPORTSUSDT,查不到,查不到,,1.0,0.01025,,,,,,,,,
TREEUSDT,binance-原名,binance-原名,TREE,1.0,0.04821,,,,,,,,,
PLAYUSDT,查不到,查不到,,1.0,0.03126,,,,,,,,,
NAORISUSDT,coingecko-原名,coingecko-原名-单价核对通过,NAORIS,1.0,0.0394,naoris,0.03930012,1.0025414680667641,对,23610844.0,naoris,23610844.0,1.0,naoris
TOWNSUSDT,binance-原名,binance-原名,TOWNS,1.0,0.002106,,,,,,,,,
PROVEUSDT,binance-原名,binance-原名,PROVE,1.0,0.2338,,,,,,,,,
INUSDT,查不到,查不到,,1.0,0.03749,,,,,,,,,
CARVUSDT,coingecko-原名,coingecko-原名-单价核对通过,CARV,1.0,0.04427,carv,0.0439799,1.006596195080025,对,29345605.341319997,carv,29345605.341319997,1.0,carv
AIOUSDT,查不到,查不到,,1.0,0.043,,,,,,,,,
XNYUSDT,coingecko-原名,coingecko-原名-单价核对通过,XNY,1.0,0.007714,codatta,0.00761713,1.0127173883076697,对,26523303.333333332,codatta,26523303.333333332,1.0,codatta
USELESSUSDT,coingecko-原名,coingecko-原名-单价核对通过,USELESS,1.0,0.31944,useless-3,0.319288,1.0004760592317907,对,319420949.2436688,useless-3,319420949.2436688,1.0,useless-3
SAPIENUSDT,binance-原名,binance-原名,SAPIEN,1.0,0.07994,,,,,,,,,
XPLUSDT,binance-原名,binance-原名,XPL,1.0,0.09452,,,,,,,,,
WLFIUSDT,binance-原名,binance-原名,WLFI,1.0,0.05775,,,,,,,,,
BIOUSDC,binance-原名,binance-原名,BIO,1.0,0.02988,,,,,,,,,
SOMIUSDT,binance-原名,binance-原名,SOMI,1.0,0.1951,,,,,,,,,
BASUSDT,coingecko-原名,coingecko-原名-单价核对通过,BAS,1.0,0.023367,bas,0.02327794,1.0038259399242373,对,58417500.0,bas,58417500.0,1.0,bas
BTRUSDT,查不到,查不到,,1.0,0.0531,,,,,,,,,
MITOUSDT,binance-原名,binance-原名,MITO,1.0,0.01677,,,,,,,,,
HEMIUSDT,binance-原名,binance-原名,HEMI,1.0,0.006403,,,,,,,,,
LINEAUSDT,binance-原名,binance-原名,LINEA,1.0,0.002896,,,,,,,,,
QUSDT,coingecko-原名,coingecko-原名-单价核对通过,Q,1.0,0.026252,quack-ai,0.02624501,1.0002663363435564,对,117641047.898356,quack-ai,117641047.898356,1.0,quack-ai
ARIAUSDT,查不到,查不到,,1.0,0.0377,,,,,,,,,
TAKEUSDT,coingecko-原名,coingecko-原名-单价核对通过,TAKE,1.0,0.19509,overtake,0.203993,0.9563563455608771,对,68734000.32996,overtake,68734000.32996,1.0,overtake
PTBUSDT,查不到,查不到,,1.0,0.0010634,,,,,,,,,
WLFIUSDC,binance-原名,binance-原名,WLFI,1.0,0.0577,,,,,,,,,
OPENUSDT,binance-原名,binance-原名,OPEN,1.0,0.1413,,,,,,,,,
FLOCKUSDT,coingecko-原名,coingecko-原名-单价核对通过,FLOCK,1.0,0.08041,flock-2,0.080371,1.000485249654726,对,38604238.105926156,flock-2,38604238.105926156,1.0,flock-2
SKYUSDT,binance-原名,binance-原名,SKY,1.0,0.07374,,,,,,,,,
AVNTUSDT,binance-原名,binance-原名,AVNT,1.0,0.11677,,,,,,,,,
HOLOUSDT,binance-原名,binance-原名,HOLO,1.0,0.06883,,,,,,,,,
XPINUSDT,coingecko-原名,coingecko-原名-单价核对通过,XPIN,1.0,0.000906,xpin-network,0.00090419,1.0020017916588329,对,38184419.524896,xpin-network,38184419.524896,1.0,xpin-network
UBUSDT,coingecko-原名,coingecko-原名-单价核对通过,UB,1.0,0.14601,unibase,0.146174,0.9988780494479182,对,365025000.0,unibase,365025000.0,1.0,unibase
ZKCUSDT,binance-原名,binance-原名,ZKC,1.0,0.04296,,,,,,,,,
TOSHIUSDT,coingecko-原名,coingecko-原名-单价核对通过,TOSHI,1.0,0.0001335,toshi,0.00013365,0.9988776655443322,对,56162115.0,toshi,56162115.0,1.0,toshi
STBLUSDT,查不到,查不到,,1.0,0.02788,,,,,,,,,
0GUSDT,binance-原名,binance-原名,0G,1.0,0.2572,,,,,,,,,
BARDUSDT,binance-原名,binance-原名,BARD,1.0,0.1443,,,,,,,,,
ASTERUSDT,binance-原名,binance-原名,ASTER,1.0,0.7079,,,,,,,,,
TRADOORUSDT,查不到,查不到,,1.0,0.7446,,,,,,,,,
BLESSUSDT,coingecko-原名,coingecko-原名-单价核对通过,BLESS,1.0,0.009951,bless-2,0.00996688,0.9984067230667973,对,18326425.003317,bless-2,18326425.003317,1.0,bless-2
FLUIDUSDT,coingecko-原名,coingecko-原名-单价核对通过,FLUID,1.0,1.418,instadapp,1.42,0.9985915492957746,对,118682341.49125117,instadapp,118682341.49125117,1.0,instadapp
COAIUSDT,coingecko-原名,coingecko-原名-单价核对通过,COAI,1.0,0.3272,chainopera-ai,0.325716,1.0045561163713173,对,61513632.0656,chainopera-ai,61513632.0656,1.0,chainopera-ai
HANAUSDT,查不到,查不到,,1.0,0.01458,,,,,,,,,
MIRAUSDT,binance-原名,binance-原名,MIRA,1.0,0.05528,,,,,,,,,
AKEUSDT,coingecko-原名,coingecko-原名-单价核对通过,AKE,1.0,0.051123,akedo,0.051108,1.0002934961258512,对,1165412688.75,akedo,1165412688.75,1.0,akedo
ORDERUSDT,查不到,查不到,,1.0,0.04071,,,,,,,,,
LIGHTUSDT,查不到,查不到,,1.0,0.1963,,,,,,,,,
XANUSDT,coingecko-原名,coingecko-原名-单价核对通过,XAN,1.0,0.013214,anoma,0.01323177,0.9986570201870195,对,33035000.0,anoma,33035000.0,1.0,anoma
FFUSDT,binance-原名,binance-原名,FF,1.0,0.12544,,,,,,,,,
EDENUSDT,binance-原名,binance-原名,EDEN,1.0,0.06113,,,,,,,,,
NOMUSDT,binance-原名,binance-原名,NOM,1.0,0.001779,,,,,,,,,
TRUTHUSDT,coingecko-原名,coingecko-原名-单价核对通过,TRUTH,1.0,0.013605,swarm-network,0.01356528,1.0029280634089381,对,28370578.6065,swarm-network,28370578.6065,1.0,swarm-network
2ZUSDT,binance-原名,binance-原名,2Z,1.0,0.05404,,,,,,,,,
EVAAUSDT,查不到,查不到,,1.0,0.7665,,,,,,,,,
LYNUSDT,查不到,查不到,,1.0,0.04049,,,,,,,,,
KGENUSDT,coingecko-原名,coingecko-原名-单价核对通过,KGEN,1.0,0.1689,kgen,0.168962,0.9996330535860134,对,33556676.7042,kgen,33556676.7042,1.0,kgen
4USDT,coingecko-原名,coingecko-原名-单价核对通过,4,1.0,0.023606,4-2,0.02366005,0.9977155585047369,对,23606000.0,4-2,23606000.0,1.0,4-2
GIGGLEUSDT,binance-原名,binance-原名,GIGGLE,1.0,40.66,,,,,,,,,
MONUSDT,coingecko-原名,coingecko-原名-单价核对通过,MON,1.0,0.02568,monad,0.02587477,0.9924725900945207,对,303670237.2,monad,303670237.2,1.0,monad
YBUSDT,binance-原名,binance-原名,YB,1.0,0.09338,,,,,,,,,
METUSDT,binance-原名,binance-原名,MET,1.0,0.3838,,,,,,,,,
EULUSDT,binance-原名,binance-原名,EUL,1.0,1.4707,,,,,,,,,
ENSOUSDT,binance-原名,binance-原名,ENSO,1.0,1.0421,,,,,,,,,
CLOUSDT,查不到,查不到,,1.0,0.06295,,,,,,,,,
RECALLUSDT,查不到,查不到,,1.0,0.0486,,,,,,,,,
ZBTUSDT,binance-原名,binance-原名,ZBT,1.0,0.09075,,,,,,,,,
LABUSDT,coingecko-原名,coingecko-原名-单价核对通过,LAB,1.0,0.06014,lab,0.060242,0.9983068291225391,对,46641147.35984,lab,46641147.35984,1.0,lab
RIVERUSDT,coingecko-原名,coingecko-原名-单价核对通过,RIVER,1.0,1.255,river,1.26,0.9960317460317459,对,24597999.999999996,river,24597999.999999996,1.0,river
币安人生USDT,binance-原名,binance-原名,USDT,1.0,0.5108,,,,,,,,,
BLUAIUSDT,查不到,查不到,,1.0,0.011535,,,,,,,,,
TURTLEUSDT,binance-原名,binance-原名,TURTLE,1.0,0.04447,,,,,,,,,
APRUSDT,coingecko-原名,coingecko-原名-单价核对通过,APR,1.0,0.1501,apriori,0.149653,1.002986909717814,对,41699656.25,apriori,41699656.25,1.0,apriori
ONUSDT,coingecko-原名,coingecko-原名-单价核对通过,ON,1.0,0.1336,orochi-network,0.133226,1.0028072598441744,对,19275140.0,orochi-network,19275140.0,1.0,orochi-network
KITEUSDT,binance-原名,binance-原名,KITE,1.0,0.13521,,,,,,,,,
ATUSDT,binance-原名,binance-原名,AT,1.0,0.1637,,,,,,,,,
CCUSDT,coingecko-原名,coingecko-原名-单价核对通过,CC,1.0,0.11213,canton-network,0.112258,0.9988597694596376,对,4447777465.68992,canton-network,4447777465.68992,1.0,canton-network
MMTUSDT,binance-原名,binance-原名,MMT,1.0,0.1699,,,,,,,,,
TRUSTUSDT,查不到,查不到,,1.0,0.0632,,,,,,,,,
UAIUSDT,coingecko-原名,coingecko-原名-单价核对通过,UAI,1.0,0.3946,unifai-network,0.393773,1.0021001947822732,对,94309400.0,unifai-network,94309400.0,1.0,unifai-network
FOLKSUSDT,coingecko-原名,coingecko-原名-单价核对通过,FOLKS,1.0,2.4,folks,2.39,1.00418410041841,对,43164332.216443196,folks,43164332.216443196,1.0,folks
STABLEUSDT,coingecko-原名,coingecko-原名-单价核对通过,STABLE,1.0,0.02533,stable-2,0.02528686,1.0017060243936968,对,673231606.8739599,stable-2,673231606.8739599,1.0,stable-2
JCTUSDT,coingecko-原名,coingecko-原名-单价核对通过,JCT,1.0,0.001903,janction,0.00189339,1.0050755523162158,对,21872487.3125,janction,21872487.3125,1.0,janction
ALLOUSDT,binance-原名,binance-原名,ALLO,1.0,0.34229,,,,,,,,,
CLANKERUSDT,查不到,查不到,,1.0,14.0,,,,,,,,,
BEATUSDT,coingecko-原名,coingecko-原名-单价核对通过,BEAT,1.0,0.0942,audiera,0.095179,0.9897141176099771,对,32194419.937200002,audiera,32194419.937200002,1.0,audiera
PIEVERSEUSDT,coingecko-原名,coingecko-原名-单价核对通过,PIEVERSE,1.0,1.7618,pieverse,1.78,0.9897752808988765,对,484054550.0,pieverse,484054550.0,1.0,pieverse
SENTUSDT,binance-原名,binance-原名,SENT,1.0,0.0235,,,,,,,,,
ZECUSDC,binance-原名,binance-原名,ZEC,1.0,1622.09,,,,,,,,,
IRYSUSDT,coingecko-原名,coingecko-原名-单价核对通过,IRYS,1.0,0.01636,irys,0.01631145,1.0029764367974643,对,32720000.0,irys,32720000.0,1.0,irys
POWERUSDT,coingecko-原名,coingecko-原名-单价核对通过,POWER,1.0,0.12517,power-protocol,0.125329,0.9987313391154482,对,26285700.0,power-protocol,26285700.0,1.0,power-protocol
WETUSDT,查不到,查不到,,1.0,0.07027,,,,,,,,,
NIGHTUSDT,binance-原名,binance-原名,NIGHT,1.0,0.02447,,,,,,,,,
USUSDT,coingecko-原名,coingecko-原名-单价核对通过,US,1.0,0.018418,talus,0.01859075,0.9907077444428009,对,53641341.59125409,talus,53641341.59125409,1.0,talus
CYSUSDT,coingecko-原名,coingecko-原名-单价核对通过,CYS,1.0,0.17,cysic,0.169848,1.0008949178088644,对,27336000.000000004,cysic,27336000.000000004,1.0,cysic
RAVEUSDT,coingecko-原名,coingecko-原名-单价核对通过,RAVE,1.0,0.2065,ravedao,0.206923,0.9979557613218443,对,55801462.2935,ravedao,55801462.2935,1.0,ravedao
ZKPUSDT,binance-原名,binance-原名,ZKP,1.0,0.05084,,,,,,,,,
GUAUSDT,查不到,查不到,,1.0,0.03622,,,,,,,,,
LITUSDT,coingecko-原名,coingecko-原名-单价核对通过,LIT,1.0,5.1728,lighter,5.14,1.0063813229571985,对,1293200000.0,lighter,1293200000.0,1.0,lighter
BREVUSDT,binance-原名,binance-原名,BREV,1.0,0.08976,,,,,,,,,
COLLECTUSDT,查不到,查不到,,1.0,0.01945,,,,,,,,,
MAGMAUSDT,coingecko-原名,coingecko-原名-单价核对通过,MAGMA,1.0,0.27298,magma-finance,0.272672,1.0011295622579508,对,51866200.0,magma-finance,51866200.0,1.0,magma-finance
ZAMAUSDT,binance-原名,binance-原名,ZAMA,1.0,0.09894,,,,,,,,,
FOGOUSDT,binance-原名,binance-原名,FOGO,1.0,0.006991,,,,,,,,,
FRAXUSDT,binance-原名,binance-原名,FRAX,1.0,0.2959,,,,,,,,,
SPORTFUNUSDT,查不到,查不到,,1.0,0.02083,,,,,,,,,
AIAUSDT,查不到,查不到,,1.0,0.07224,,,,,,,,,
ACUUSDT,coingecko-原名,coingecko-原名-单价核对通过,ACU,1.0,0.12487,acurast,0.124165,1.0056779285627995,对,48737191.67663,acurast,48737191.67663,1.0,acurast
我踏马来了USDT,binance-原名,binance-原名,USDT,1.0,0.014206,,,,,,,,,
ELSAUSDT,查不到,查不到,,1.0,0.05839,,,,,,,,,
SKRUSDT,coingecko-原名,coingecko-原名-单价核对通过,SKR,1.0,0.021056,seeker,0.02117169,0.9945356275290257,对,149681694.08378842,seeker,149681694.08378842,1.0,seeker
SPACEUSDT,coingecko-原名,coingecko-原名-单价核对通过,SPACE,1.0,0.005146,spacecoin-2,0.00513988,1.0011906892767926,对,30972183.80454673,spacecoin-2,30972183.80454673,1.0,spacecoin-2
FIGHTUSDT,查不到,查不到,,1.0,0.004928,,,,,,,,,
BIRBUSDT,coingecko-原名,coingecko-原名-单价核对通过,BIRB,1.0,0.07361,moonbirds,0.073785,0.9976282442230805,对,20978850.0,moonbirds,20978850.0,1.0,moonbirds
GWEIUSDT,coingecko-原名,coingecko-原名-单价核对通过,GWEI,1.0,0.02412,ethgas-2,0.02419045,0.9970876936973062,对,47757600.0,ethgas-2,47757600.0,1.0,ethgas-2
MEGAUSDT,binance-原名,binance-原名,MEGA,1.0,0.04827,,,,,,,,,
INXUSDT,查不到,查不到,,1.0,0.006232,,,,,,,,,
TRIAUSDT,查不到,查不到,,1.0,0.004228,,,,,,,,,
ESPUSDT,binance-原名,binance-原名,ESP,1.0,0.09576,,,,,,,,,
AZTECUSDT,coingecko-原名,coingecko-原名-单价核对通过,AZTEC,1.0,0.01651,aztec,0.0165052,1.0002908174393523,对,48397536.62918071,aztec,48397536.62918071,1.0,aztec
OPNUSDT,binance-原名,binance-原名,OPN,1.0,0.05353,,,,,,,,,
ROBOUSDT,binance-原名,binance-原名,ROBO,1.0,0.00995,,,,,,,,,
KATUSDT,binance-原名,binance-原名,KAT,1.0,0.005093,,,,,,,,,
MANTRAUSDT,binance-原名,binance-原名,MANTRA,1.0,0.00457,,,,,,,,,
龙虾USDT,binance-原名,binance-原名,USDT,1.0,0.162,,,,,,,,,
CFGUSDT,binance-原名,binance-原名,CFG,1.0,0.1453,,,,,,,,,
EDGEUSDT,查不到,查不到,,1.0,0.5962,,,,,,,,,
BSBUSDT,coingecko-原名,coingecko-原名-单价核对通过,BSB,1.0,0.10767,block-street,0.107864,0.9982014388489209,对,25442421.0,block-street,25442421.0,1.0,block-street
XAUTUSDT,binance-原名,binance-原名,XAUT,1.0,4302.63,,,,,,,,,
BASEDUSDT,查不到,查不到,,1.0,0.06859,,,,,,,,,
PRLUSDT,coingecko-原名,coingecko-原名-单价核对通过,PRL,1.0,0.119,perle,0.118727,1.0022993927244856,对,20825000.0,perle,20825000.0,1.0,perle
GENIUSUSDT,binance-原名,binance-原名,GENIUS,1.0,0.3597,,,,,,,,,
CHIPUSDT,binance-原名,binance-原名,CHIP,1.0,0.04593,,,,,,,,,
OPGUSDT,binance-原名,binance-原名,OPG,1.0,0.1286,,,,,,,,,
AIGENSYNUSDT,binance-原名,binance-原名,AIGENSYN,1.0,0.02121,,,,,,,,,
BILLUSDT,coingecko-原名,coingecko-原名-单价核对通过,BILL,1.0,0.01339,billions-network,0.0133976,0.9994327342210545,对,32510920.000000004,billions-network,32510920.000000004,1.0,billions-network
PHAROSUSDT,查不到,查不到,,1.0,0.5466,,,,,,,,,
STARUSDT,查不到,查不到,,1.0,0.03651,,,,,,,,,
BTCUSD1,查不到,查不到,,1.0,85435.5,,,,,,,,,
CTRUSDT,coingecko-原名,coingecko-原名-单价核对通过,CTR,1.0,0.012492,citrea,0.01241041,1.0065743194624512,对,18738000.0,citrea,18738000.0,1.0,citrea
SLXUSDT,coingecko-原名,coingecko-原名-单价核对通过,SLX,1.0,0.07341,solstice,0.073332,1.0010636557028312,对,17827266.132,solstice,17827266.132,1.0,solstice
ZESTUSDT,coingecko-原名,coingecko-原名-单价核对通过,ZEST,1.0,0.18531,zest-protocol,0.185322,0.9999352478388968,对,27055260.0,zest-protocol,27055260.0,1.0,zest-protocol
BTWUSDT,coingecko-原名,coingecko-原名-单价核对通过,BTW,1.0,0.9651,bitway,0.955239,1.010323070980142,对,2613628114.428001,bitway,2613628114.428001,1.0,bitway
REUSDT,binance-原名,binance-原名,RE,1.0,0.4769,,,,,,,,,
ARXUSDT,查不到,查不到,,1.0,0.2155,,,,,,,,,
OUSDT,coingecko-原名,coingecko-原名-单价核对通过,O,1.0,0.5627,o1-exchange,0.561756,1.0016804448906642,对,90032000.0,o1-exchange,90032000.0,1.0,o1-exchange
CAPUSDT,coingecko-原名,coingecko-原名-单价核对通过,CAP,1.0,0.04877,cap-4,0.04849455,1.0056800197135556,对,76081200.0,cap-4,76081200.0,1.0,cap-4
BTCU,查不到,查不到,,1.0,85421.1,,,,,,,,,
ETHU,查不到,查不到,,1.0,2718.01,,,,,,,,,
GRAMUSDT,binance-原名,binance-原名,GRAM,1.0,1.441,,,,,,,,,
ETHUSD1,查不到,查不到,,1.0,2716.54,,,,,,,,,
DATAIPUSDT,查不到,查不到,,1.0,0.2256,,,,,,,,,
DATAIPUSDC,查不到,查不到,,1.0,0.2255,,,,,,,,,
GRVTUSDT,coingecko-原名,coingecko-原名-单价核对通过,GRVT,1.0,0.1987,grvt,0.198298,1.0020272519137863,对,22713859.573599998,grvt,22713859.573599998,1.0,grvt
DOSUSDT,coingecko-原名,coingecko-原名-单价核对通过,DOS,1.0,0.2255,dappos,0.224979,1.002315771694247,对,45100000.0,dappos,45100000.0,1.0,dappos
牛来USDT,binance-原名,binance-原名,USDT,1.0,0.10749,,,,,,,,,
MARSCOINUSDT,binance-原名,binance-原名,MARSCOIN,1.0,0.12652,,,,,,,,,
PONSUSDT,coingecko-原名,coingecko-原名-单价核对通过,PONS,1.0,0.6965,pons,0.69932,0.9959675112966881,对,476650480.2019665,pons,476650480.2019665,1.0,pons
哈基米USDT,binance-原名,binance-原名,USDT,1.0,0.03647,,,,,,,,,
